{
  "results": [
    {
      "command": "smtp-source -s 1 -l 5120 -m 1 -c -f to@local.com -N -t postfix@example.com localhost:25",
      "mean": 0.02756193548,
      "stddev": 0.0038382763999976815,
      "median": 0.02588025158,
      "user": 0.00229518,
      "system": 0.0005970600000000001,
      "min": 0.02402827908,
      "max": 0.03356946108,
      "times": [
        0.02688278208,
        0.03356946108,
        0.027583655080000002,
        0.02487772108,
        0.03222569908,
        0.02463170608,
        0.02402827908,
        0.02479849508,
        0.03278706908,
        0.024234487080000002
      ],
      "exit_codes": [
        0,
        0,
        0,
        0,
        0,
        0,
        0,
        0,
        0,
        0
      ],
      "parameters": {
        "mail": "1",
        "session": "1"
      }
    },
    {
      "command": "smtp-source -s 1 -l 5120 -m 10 -c -f to@local.com -N -t postfix@example.com localhost:25",
      "mean": 0.049359750480000006,
      "stddev": 0.014874180512699718,
      "median": 0.043619379580000006,
      "user": 0.003590480000000001,
      "system": 0.0012313600000000001,
      "min": 0.040574438080000004,
      "max": 0.08480509108,
      "times": [
        0.08480509108,
        0.043805908080000004,
        0.06812334508000001,
        0.04135318608,
        0.040574438080000004,
        0.043999669080000005,
        0.04343285108,
        0.04111304108,
        0.042028973080000004,
        0.04436100208
      ],
      "exit_codes": [
        0,
        0,
        0,
        0,
        0,
        0,
        0,
        0,
        0,
        0
      ],
      "parameters": {
        "mail": "10",
        "session": "1"
      }
    },
    {
      "command": "smtp-source -s 10 -l 5120 -m 1 -c -f to@local.com -N -t postfix@example.com localhost:25",
      "mean": 0.02589145928,
      "stddev": 0.0031560089600840917,
      "median": 0.025295111080000002,
      "user": 0.0019463799999999997,
      "system": 0.0007441699999999999,
      "min": 0.02198999008,
      "max": 0.03326534208,
      "times": [
        0.025015467080000003,
        0.02380458208,
        0.02506925708,
        0.02843848808,
        0.03326534208,
        0.02677851908,
        0.02198999008,
        0.02575174308,
        0.02328023908,
        0.025520965080000003
      ],
      "exit_codes": [
        0,
        0,
        0,
        0,
        0,
        0,
        0,
        0,
        0,
        0
      ],
      "parameters": {
        "mail": "1",
        "session": "10"
      }
    },
    {
      "command": "smtp-source -s 10 -l 5120 -m 10 -c -f to@local.com -N -t postfix@example.com localhost:25",
      "mean": 0.04658445738,
      "stddev": 0.008035886393492384,
      "median": 0.04554602658,
      "user": 0.0028170619999999995,
      "system": 0.00243323,
      "min": 0.03745059708,
      "max": 0.06000937508,
      "times": [
        0.045413840080000004,
        0.051124692080000006,
        0.06000937508,
        0.03745059708,
        0.04365437508,
        0.03786152008,
        0.04567821308,
        0.03898523408,
        0.05892422508,
        0.046742502080000005
      ],
      "exit_codes": [
        0,
        0,
        0,
        0,
        0,
        0,
        0,
        0,
        0,
        0
      ],
      "parameters": {
        "mail": "10",
        "session": "10"
      }
    },
    {
      "command": "smtp-source -s 1 -l 5120 -m 1 -c -f to@local.com -N -t vsmtp@example.com localhost:25",
      "mean": 0.00928992276,
      "stddev": 0.0010215411243396529,
      "median": 0.008943707460000002,
      "user": 0.0045375,
      "system": 0.003589807999999999,
      "min": 0.00840250646,
      "max": 0.011439412460000001,
      "times": [
        0.009348561460000002,
        0.011439412460000001,
        0.008617213460000002,
        0.008518038460000002,
        0.008936972460000001,
        0.00840250646,
        0.009136321460000001,
        0.008950442460000001,
        0.008726418460000001,
        0.01082334046
      ],
      "exit_codes": [
        0,
        0,
        0,
        0,
        0,
        0,
        0,
        0,
        0,
        0
      ],
      "parameters": {
        "mail": "1",
        "session": "1"
      }
    },
    {
      "command": "smtp-source -s 1 -l 5120 -m 10 -c -f to@local.com -N -t vsmtp@example.com localhost:25",
      "mean": 0.01751701106,
      "stddev": 0.007240553825187304,
      "median": 0.013681862460000003,
      "user": 0.005999399999999999,
      "system": 0.005437334,
      "min": 0.012616000460000002,
      "max": 0.03420512446000001,
      "times": [
        0.013223337460000002,
        0.03420512446000001,
        0.013611994460000002,
        0.013120649460000001,
        0.013303290460000002,
        0.012616000460000002,
        0.02495109646,
        0.013751730460000002,
        0.014439030460000002,
        0.02194785646
      ],
      "exit_codes": [
        0,
        0,
        0,
        0,
        0,
        0,
        0,
        0,
        0,
        0
      ],
      "parameters": {
        "mail": "10",
        "session": "1"
      }
    },
    {
      "command": "smtp-source -s 10 -l 5120 -m 1 -c -f to@local.com -N -t vsmtp@example.com localhost:25",
      "mean": 0.00904940046,
      "stddev": 0.0017628337885658232,
      "median": 0.008551245960000002,
      "user": 0.0044925,
      "system": 0.003334608,
      "min": 0.008166510460000002,
      "max": 0.013994229460000002,
      "times": [
        0.009179317460000001,
        0.013994229460000002,
        0.00862134546,
        0.008166510460000002,
        0.008452497460000001,
        0.008557097460000001,
        0.008192435460000001,
        0.00860167946,
        0.008545394460000001,
        0.008183497460000001
      ],
      "exit_codes": [
        0,
        0,
        0,
        0,
        0,
        0,
        0,
        0,
        0,
        0
      ],
      "parameters": {
        "mail": "1",
        "session": "10"
      }
    },
    {
      "command": "smtp-source -s 10 -l 5120 -m 10 -c -f to@local.com -N -t vsmtp@example.com localhost:25",
      "mean": 0.010482080360000002,
      "stddev": 0.0007423839961842824,
      "median": 0.010353644460000002,
      "user": 0.00393495,
      "system": 0.005973460000000001,
      "min": 0.009507243460000002,
      "max": 0.012074925460000002,
      "times": [
        0.012074925460000002,
        0.010305867460000001,
        0.011214047460000001,
        0.010605715460000002,
        0.010110299460000001,
        0.010762762460000002,
        0.010401421460000001,
        0.00978966646,
        0.010048854460000001,
        0.009507243460000002
      ],
      "exit_codes": [
        0,
        0,
        0,
        0,
        0,
        0,
        0,
        0,
        0,
        0
      ],
      "parameters": {
        "mail": "10",
        "session": "10"
      }
    }
  ]
}
